stem	np	config	t_ref_s	jobid	extra_s	extra_reason
CartesianTaylor	1	default	5.49	f3cLieUe4u2F
CartesianTaylorSolve	1	default	107.82	f3ctt2j3drQf
CartesianTaylorSolve	2	default	60.01	f3ctt2j3drQf
CartesianTaylorSolve	3	default	44.87	f3ctt2j3drQf
CartesianTaylorSolve	4	default	37.24	f3ctt2j3drQf
CartesianTaylorSolve	5	default	34.51	f3ctt2j3drQf
CartesianTaylorSolve	6	default	30.22	f3ctt2j3drQf
CommunicationPlan	1	default	3.45	f3cLieUe4u2F
CommunicationPlan	2	default	4.25	f3cLieUe4u2F
CommunicationPlan	3	default	5.38	f3cLieUe4u2F
CommunicationPlan	4	default	6.12	f3cLieUe4u2F
CommunicationPlan	5	default	6.96	f3cLieUe4u2F
CommunicationPlan	6	default	7.94	f3cLieUe4u2F
DownwardSweep	1	default	9.6	f3cmrmX2JYWT
DownwardSweep	2	default	6.73	f3cmrmX2JYWT
DownwardSweep	3	default	8.05	f3cmrmX2JYWT
DownwardSweep	4	default	8.66	f3cmrmX2JYWT
DownwardSweep	5	default	9.63	f3cmrmX2JYWT
DownwardSweep	6	default	10.58	f3cmrmX2JYWT
FarFieldContract	1	default	4.48	f3cLieUe4u2F
FarFieldContract	2	default	4.35	f3cLieUe4u2F
FarFieldContract	3	default	5.34	f3cLieUe4u2F
FarFieldContract	4	default	6.09	f3cLieUe4u2F
FarFieldContract	5	default	6.78	f3cLieUe4u2F
FarFieldContract	6	default	7.91	f3cLieUe4u2F
LaplaceKernel	1	default	5.87	f3cvZzMaek2b
LaplaceSolve	1	default	9.96	f3cLieUe4u2F
LaplaceSolve	2	default	8.29	f3cLieUe4u2F
LaplaceSolve	3	default	8.26	f3cLieUe4u2F
LaplaceSolve	4	default	8.66	f3cLieUe4u2F
LaplaceSolve	5	default	9.19	f3cLieUe4u2F
LaplaceSolve	6	default	10	f3cLieUe4u2F
MultiSolve	1	default	8.56	f3cajB3pSQ1m
MultiSolve	1	probe	8.05	f3camEXYMR7u
MultiSolve	1	probe-npp1200	18.36	f3cZcmgeVB5Z
MultiSolve	1	probe-theta0.7	8.67	f3cZcmt3hemM
MultiSolve	1	theta0.7	8.71	f3caoGecUY71
MultiSolve	2	default	6.63	f3cajB3pSQ1m
MultiSolve	2	probe	6.27	f3camEXYMR7u
MultiSolve	2	theta0.7	6.58	f3caoGecUY71
MultiSolve	3	default	9.24	f3cajB3pSQ1m
MultiSolve	3	probe	8.43	f3camEXYMR7u
MultiSolve	3	theta0.7	9.08	f3caoGecUY71
MultiSolve	4	default	12.05	f3cajB3pSQ1m
MultiSolve	4	probe	11.02	f3camEXYMR7u
MultiSolve	4	theta0.7	11.32	f3caoGecUY71
MultiSolve	5	default	14.2	f3cajB3pSQ1m
MultiSolve	5	probe	13.14	f3camEXYMR7u
MultiSolve	5	theta0.7	13.06	f3caoGecUY71
MultiSolve	6	default	16.25	f3cajB3pSQ1m
MultiSolve	6	probe	14.88	f3camEXYMR7u
MultiSolve	6	theta0.7	14.58	f3caoGecUY71
SingleSolve	1	default	6.18	f3cvZzMaek2b
SingleSolve	2	default	5.96	f3cvZzMaek2b
SingleSolve	3	default	7.49	f3cvZzMaek2b
SingleSolve	5	default	9.66	f3cvZzMaek2b
SingleSolve	6	default	10.83	f3cvZzMaek2b
TreeBuilder	1	default	6.31	f3ctt2j3drQf
TreeBuilder	2	default	6	f3ctt2j3drQf
TreeBuilder	3	default	6.38	f3ctt2j3drQf
TreeBuilder	4	default	7.15	f3ctt2j3drQf
TreeBuilder	5	default	7.85	f3ctt2j3drQf
TreeBuilder	6	default	8.72	f3ctt2j3drQf
TreePartitioner	1	default	6.74	f3cY3QHjeejZ
TreePartitioner	2	default	4.16	f3cY3QHjeejZ
TreePartitioner	3	default	5.5	f3cY3QHjeejZ
TreePartitioner	4	default	6.25	f3cY3QHjeejZ
TreePartitioner	5	default	7.22	f3cY3QHjeejZ
TreePartitioner	6	default	8.36	f3cY3QHjeejZ
UpwardSweep	1	default	3.54	f3cLieUe4u2F
UpwardSweep	2	default	4.19	f3cLieUe4u2F
UpwardSweep	3	default	5.25	f3cLieUe4u2F
UpwardSweep	4	default	6.17	f3cLieUe4u2F
UpwardSweep	5	default	6.94	f3cLieUe4u2F
UpwardSweep	6	default	7.91	f3cLieUe4u2F
